"farm","asset","event_id","event_label","event_start","event_start_id","event_end","event_end_id","event_description"
"Wind Farm A","0","0","anomaly","2023-08-06 06:10:00","52436","2023-08-20 06:10:00","54447","Generator bearing failure"
"Wind Farm A","10","10","anomaly","2023-10-11 08:40:00","52611","2023-10-18 08:40:00","53591","Gearbox failure"
"Wind Farm A","21","13","normal","2023-05-03 13:20:00","50859","2023-05-24 10:20:00","53865",""
"Wind Farm A","13","14","normal","2023-03-05 14:00:00","52584","2023-03-12 18:40:00","53620",""
"Wind Farm A","10","17","normal","2023-11-02 15:20:00","52597","2023-11-16 00:40:00","54513",""
"Wind Farm A","21","22","anomaly","2023-08-12 09:50:00","51888","2023-08-19 10:00:00","52892","Hydraulic group"
"Wind Farm A","0","24","normal","2023-04-27 15:00:00","52720","2023-05-11 11:20:00","54714",""
"Wind Farm A","11","25","normal","2023-05-23 06:50:00","52289","2023-06-05 02:30:00","54135",""
"Wind Farm A","0","26","anomaly","2023-10-12 10:20:00","52261","2023-10-19 10:20:00","53269","Hydraulic group"
"Wind Farm A","10","3","normal","2023-04-27 03:00:00","52185","2023-05-18 01:10:00","55198",""
"Wind Farm A","13","38","normal","2023-07-01 15:40:00","52723","2023-07-15 07:40:00","54546",""
"Wind Farm A","10","40","anomaly","2022-12-26 00:00:00","51363","2023-01-26 13:00:00","55870","Generator bearing failure"
"Wind Farm A","10","42","anomaly","2023-09-09 15:50:00","52303","2023-09-16 15:50:00","53309","Hydraulic group"
"Wind Farm A","13","45","anomaly","2023-04-19 18:10:00","52731","2023-04-26 18:10:00","53738","Hydraulic group"
"Wind Farm A","21","51","anomaly","2023-10-06 01:30:00","52331","2023-10-17 16:10:00","54003","Gearbox bearings damaged"
"Wind Farm A","11","68","anomaly","2023-07-28 13:20:00","52063","2023-08-11 13:10:00","54076","Transformer failure"
"Wind Farm A","11","69","normal","2023-09-04 00:50:00","52364","2023-09-18 00:50:00","54380",""
"Wind Farm A","0","71","normal","2023-01-02 00:00:00","52439","2023-01-16 00:00:00","54455",""
"Wind Farm A","21","72","anomaly","2023-10-10 08:40:00","52497","2023-10-17 08:40:00","53505","Gearbox failure"
"Wind Farm A","0","73","anomaly","2023-06-10 11:40:00","52745","2023-06-17 11:40:00","53753","Hydraulic group"
"Wind Farm A","13","84","anomaly","2023-09-05 15:30:00","52623","2023-09-12 15:30:00","53627","Hydraulic group"
"Wind Farm A","11","92","normal","2023-04-05 02:30:00","52437","2023-04-14 10:00:00","53778",""
"Wind Farm B",,"19","anomaly","2023-02-03 00:00:00","52673","2023-02-23 00:00:00","55553","high temperature in transformer cell"
"Wind Farm B",,"2","normal","2023-08-09 19:20:00","52703","2023-08-23 04:20:00","54629",""
"Wind Farm B",,"21","normal","2023-09-22 20:10:00","52217","2023-10-01 20:10:00","53513",""
"Wind Farm B",,"23","normal","2023-09-17 17:30:00","52559","2023-09-27 11:50:00","53965",""
"Wind Farm B",,"27","anomaly","2023-09-01 00:00:00","52619","2023-11-01 00:00:00","61403","Turbine is stopped due to a main bearing damage"
"Wind Farm B",,"34","anomaly","2023-08-24 00:00:00","52531","2023-09-15 00:00:00","55699","high temperature in transformer cell"
"Wind Farm B",,"52","normal","2023-07-14 00:00:00","52675","2023-07-28 00:00:00","54691",""
"Wind Farm B",,"53","anomaly","2023-12-26 16:40:00","52559","2024-02-06 16:30:00","58606","Rotor Bearing 2 - Damage"
"Wind Farm B",,"7","anomaly","2023-07-01 00:00:00","52703","2023-08-01 00:00:00","57167","high temperature in transformer cell"
"Wind Farm B",,"74","normal","2023-01-03 23:00:00","52817","2023-01-17 07:00:00","54737",""
"Wind Farm B",,"77","anomaly","2023-06-01 00:00:00","52991","2023-07-31 00:00:00","61631","Turbine is in standstill since 01.08 due to rotorbearing damage."
"Wind Farm B",,"82","normal","2023-09-26 23:00:00","52975","2023-10-08 23:00:00","54703",""
"Wind Farm B",,"83","normal","2023-07-01 00:00:00","52329","2023-09-30 00:00:00","65433",""
"Wind Farm B",,"86","normal","2023-04-28 17:30:00","52703","2023-05-12 01:10:00","54621",""
"Wind Farm B",,"87","normal","2023-09-14 23:00:00","52475","2023-09-30 23:00:00","54779",""
"Wind Farm C",,"1","normal","2023-10-02 00:00:00","51552","2023-10-13 00:00:00","53136",""
"Wind Farm C",,"11","anomaly","2023-10-17 12:30:00","52416","2023-11-08 10:30:00","55572","P20_DGUV-v3 RCD 28F1 NC310 defective + 0 : P20_Blades_Cabinet Caps missing"
"Wind Farm C",,"12","anomaly","2023-06-27 00:00:00","52560","2023-07-19 15:00:00","55818","10115 : Oil level error, two-pump mode + Oil Leakage Gear Oil Supply + 12019: Rotor brake B cannot be closed + P20_yaw carbon brush damaged"
"Wind Farm C",,"15","anomaly","2023-02-06 00:00:00","51984","2023-02-23 00:00:00","54432","Randomn small failures regarding pitch resulting in a longer standstill due to a defect pitch encoder (26/02)"
"Wind Farm C",,"16","anomaly","2023-12-23 00:00:00","51264","2024-01-06 23:50:00","53423","WEC in failure - hub battery charger defect"
"Wind Farm C",,"18","anomaly","2023-09-13 00:00:00","51408","2023-09-16 23:50:00","51983","We had some failures (störung 24VAC Versorgung Rotorbremse) on the 16th in the afternoon. From 17th onwards a longer standstill where we don't know the root cause to. "
"Wind Farm C",,"20","normal","2023-07-14 01:10:00","51696","2023-07-24 01:10:00","53136",""
"Wind Farm C",,"28","anomaly","2023-05-28 13:00:00","52704","2023-06-17 20:30:00","55629","P20_spinner_carbonbrush defekt + P20_Accumulators_hydraulic system"
"Wind Farm C",,"29","normal","2023-03-09 02:00:00","52704","2023-03-23 02:00:00","54720",""
"Wind Farm C",,"30","anomaly","2023-12-15 00:00:00","52560","2024-01-06 15:40:00","55822","Pitch failure - defect fan on pitch motor"
"Wind Farm C",,"31","anomaly","2023-01-18 00:00:00","52848","2023-01-25 02:00:00","53868","Communication and Pitchfailure - slip ring and Beckhoff card"
"Wind Farm C",,"32","normal","2023-09-29 05:20:00","52560","2023-10-12 05:20:00","54432",""
"Wind Farm C",,"33","anomaly","2023-08-26 13:00:00","52848","2023-09-15 13:00:00","55728","P20_Blade3_Grease Collector missing"
"Wind Farm C",,"35","anomaly","2023-09-24 00:00:00","51696","2023-09-30 09:00:00","52614","Turbine had several short standstills (max 8min) with failure ""Schwingungen Umrichter Drehmomenten Level 1"""
"Wind Farm C",,"36","normal","2023-08-16 19:50:00","52704","2023-08-29 21:00:00","54439",""
"Wind Farm C",,"37","normal","2023-02-28 18:00:00","51552","2023-03-12 18:00:00","53280",""
"Wind Farm C",,"39","anomaly","2023-10-19 13:00:00","52848","2023-10-24 15:20:00","53582","15004 : Safety chain relay open + 93005 : Gear oil cooler bypass valve"
"Wind Farm C",,"4","anomaly","2023-07-31 10:00:00","52992","2023-08-19 10:00:00","55728","23020 : Axis 3 not ready-to-operate"
"Wind Farm C",,"41","normal","2023-01-16 05:00:00","51552","2023-02-12 18:30:00","55521",""
"Wind Farm C",,"43","normal","2023-08-17 03:10:00","52992","2023-08-30 03:10:00","54864",""
"Wind Farm C",,"44","anomaly","2023-08-03 14:00:00","52704","2023-10-08 02:20:00","62138","Valve in water cooling system was left in wrong position after maintenance actions on 05-08-2020"
"Wind Farm C",,"46","normal","2023-05-11 06:50:00","52560","2023-05-25 03:30:00","54556",""
"Wind Farm C",,"47","anomaly","2023-12-22 15:00:00","52416","2023-12-27 13:40:00","53128","Failure due to Rotorbrake and Hydraulic problemes - Hydraulic pump A disabeld, 2h later turbine back in production - Analysis indicates a longer anomaly in temp_hydraulic_oil_tank_1_average until 15.01.2024 which is neither confirmed nor refuted."
"Wind Farm C",,"48","normal","2023-04-25 12:00:00","52848","2023-05-08 12:00:00","54720",""
"Wind Farm C",,"49","anomaly","2023-04-01 00:00:00","51840","2023-04-05 03:30:00","52437","Failure 2023-04-05 03:30 - defective coupling between gear oil pump and motor"
"Wind Farm C",,"5","anomaly","2023-02-02 00:00:00","52272","2023-02-05 15:00:00","52794","WEC in failure - current measurement own consumption"
"Wind Farm C",,"50","normal","2023-11-05 00:00:00","52128","2023-11-19 00:00:00","54144",""
"Wind Farm C",,"54","normal","2023-02-03 09:20:00","52992","2023-02-14 09:20:00","54576",""
"Wind Farm C",,"55","anomaly","2023-10-29 11:30:00","52848","2023-11-15 15:30:00","55320","Harting plug Nacelle/HUB damaged + NCR20_HUB: Wiring blade control system"
"Wind Farm C",,"56","normal","2023-07-28 05:50:00","51120","2023-08-11 04:20:00","53127",""
"Wind Farm C",,"57","normal","2023-04-29 05:40:00","52992","2023-05-11 05:40:00","54720",""
"Wind Farm C",,"58","normal","2023-10-15 08:40:00","52992","2023-10-25 08:40:00","54432",""
"Wind Farm C",,"59","normal","2023-02-16 00:00:00","52128","2023-03-02 00:00:00","54144",""
"Wind Farm C",,"6","normal","2023-12-01 22:50:00","52560","2023-12-15 22:50:00","54576",""
"Wind Farm C",,"60","normal","2023-02-17 05:30:00","52416","2023-02-28 05:30:00","54000",""
"Wind Farm C",,"61","normal","2023-05-08 00:00:00","52992","2023-05-22 00:00:00","55008",""
"Wind Farm C",,"62","normal","2023-11-06 11:00:00","52416","2023-11-13 14:50:00","53447",""
"Wind Farm C",,"63","normal","2023-07-06 23:10:00","52704","2023-07-16 23:10:00","54144",""
"Wind Farm C",,"64","normal","2023-09-23 00:30:00","52560","2023-10-03 00:30:00","54000",""
"Wind Farm C",,"65","normal","2023-11-05 04:20:00","52992","2023-11-19 11:50:00","55053",""
"Wind Farm C",,"66","anomaly","2023-01-17 00:00:00","51696","2023-01-23 13:00:00","52638","Pitchfailure - defect Beckhoffcard, Axis 2, rectified on 23/01 - Anomalie liegt aber länger an als der Fehler, Batterien waren ok"
"Wind Farm C",,"67","anomaly","2023-02-02 00:00:00","52704","2023-04-01 00:00:00","61056","Turbine has some issues with overpressure on the main transformer"
"Wind Farm C",,"70","anomaly","2023-11-10 14:00:00","52560","2023-11-30 17:30:00","55461","21002 : Axis 1 DC-link voltage low, batt"
"Wind Farm C",,"75","normal","2023-05-04 11:10:00","52992","2023-05-23 11:10:00","55728",""
"Wind Farm C",,"76","anomaly","2023-01-08 00:00:00","51552","2023-01-09 16:50:00","51797","WEC in failure with pitch battery issues - rewiring"
"Wind Farm C",,"78","anomaly","2023-07-30 13:00:00","52560","2023-08-01 14:30:00","52857","P20_Grounding role brake disc + P20_cover-lightning-main-cabinet-hub"
"Wind Farm C",,"79","anomaly","2023-07-26 09:00:00","52704","2023-07-28 09:00:00","52992","Communication fault BK1120 in NC300"
"Wind Farm C",,"8","normal","2023-08-23 17:00:00","52560","2023-09-06 06:30:00","54513",""
"Wind Farm C",,"80","normal","2023-10-07 02:10:00","52560","2023-10-21 10:10:00","54624",""
"Wind Farm C",,"81","anomaly","2023-11-16 01:30:00","52704","2023-11-18 14:00:00","53067","Converter Failure from 17.11 12:30 - 18.11. 13:57, Fuse Filter Supply "
"Wind Farm C",,"85","normal","2023-01-12 13:10:00","50832","2023-01-22 13:10:00","52272",""
"Wind Farm C",,"88","normal","2023-10-03 00:00:00","52704","2023-10-17 00:00:00","54720",""
"Wind Farm C",,"89","normal","2023-03-06 01:10:00","51840","2023-03-19 01:10:00","53712",""
"Wind Farm C",,"9","anomaly","2023-08-05 07:30:00","52992","2023-08-26 09:30:00","56028","PENDING19_PREV_YAW_Grease pump defective"
"Wind Farm C",,"90","anomaly","2023-08-10 15:00:00","52848","2023-08-22 17:30:00","54591","COMMUNICATION FAULT BK1120 IN NC300 A2"
"Wind Farm C",,"91","anomaly","2023-10-12 09:30:00","52704","2023-11-01 12:00:00","55599","23020 : Axis 3 not ready-to-operate"
"Wind Farm C",,"93","normal","2023-08-02 15:50:00","52704","2023-08-24 15:50:00","55872",""
"Wind Farm C",,"94","normal","2023-06-12 10:40:00","52416","2023-06-22 10:40:00","53856",""
